                  epoch,         train/box_loss,         train/cls_loss,         train/dfl_loss,   metrics/precision(B),      metrics/recall(B),       metrics/mAP50(B),    metrics/mAP50-95(B),           val/box_loss,           val/cls_loss,           val/dfl_loss,                 lr/pg0,                 lr/pg1,                 lr/pg2
                      0,                 2.2255,                 4.8981,                 2.1281,                 0.0033,                0.17213,                0.00213,                 0.0008,                 2.0685,                 4.9273,                 2.1204,                 0.0937,                 0.0007,                 0.0007
                      1,                 2.2407,                 4.3966,                 2.1597,                0.29313,                0.09836,                0.08627,                0.03961,                 1.9109,                 3.9621,                 2.0372,               0.086203,               0.001203,               0.001203
                      2,                 1.9662,                 3.4396,                 1.9224,                0.35563,                0.30328,                0.32315,                0.16847,                 1.7682,                 2.8847,                 1.8969,               0.078389,              0.0013892,              0.0013892
                      3,                 1.9041,                 2.9361,                 1.8591,                0.46598,                0.38163,                0.40321,                0.23622,                 1.6784,                 2.5282,                 1.8213,               0.070259,              0.0012586,              0.0012586
                      4,                 1.7855,                  2.545,                 1.7653,                0.49882,                0.50027,                0.46047,                 0.2875,                 1.6315,                 2.2686,                 1.7794,               0.061811,              0.0008112,              0.0008112
